{"cameraMode":{"drawMode":0,"name":"Shaded","section":"Shading Mode"},"sceneLighting":false,"audioPlay":false,"sceneViewState":{"m_AlwaysRefresh":false,"showFog":true,"showSkybox":false,"showFlares":true,"showImageEffects":true,"showParticleSystems":true,"showVisualEffectGraphs":true,"m_FxEnabled":true},"in2DMode":false,"pivot":{"x":-0.0176236629486084,"y":1.6579999923706055,"z":0.040300846099853519},"rotation":{"x":-0.0008356268517673016,"y":-0.9844518303871155,"z":0.0077825128100812439,"w":-0.1761227548122406},"size":3.8679826259613039,"orthographic":false}