{"cameraMode":{"drawMode":0,"name":"Shaded","section":"Shading Mode"},"sceneLighting":false,"audioPlay":false,"sceneViewState":{"m_AlwaysRefresh":false,"showFog":true,"showSkybox":false,"showFlares":true,"showImageEffects":true,"showParticleSystems":true,"showVisualEffectGraphs":true,"m_FxEnabled":true},"in2DMode":false,"pivot":{"x":-69.17510223388672,"y":1.6569865942001343,"z":-24.335494995117189},"rotation":{"x":-0.00009589511319063604,"y":0.9894703030586243,"z":-0.1421678215265274,"w":0.038777634501457217},"size":0.453575074672699,"orthographic":false}