{"cameraMode":{"drawMode":0,"name":"Shaded","section":"Shading Mode"},"sceneLighting":true,"audioPlay":false,"sceneViewState":{"m_AlwaysRefresh":false,"showFog":true,"showSkybox":true,"showFlares":true,"showImageEffects":true,"showParticleSystems":true,"showVisualEffectGraphs":true,"m_FxEnabled":true},"in2DMode":false,"pivot":{"x":-60.38485336303711,"y":-4.617198944091797,"z":-17.036304473876954},"rotation":{"x":-0.41417789459228518,"y":-0.03635086119174957,"z":0.022483786568045617,"w":-0.9096574783325195},"size":16.584964752197267,"orthographic":false}