{"cameraMode":{"drawMode":0,"name":"Shaded","section":"Shading Mode"},"sceneLighting":true,"audioPlay":false,"sceneViewState":{"m_AlwaysRefresh":false,"showFog":true,"showSkybox":true,"showFlares":true,"showImageEffects":true,"showParticleSystems":true,"showVisualEffectGraphs":true,"m_FxEnabled":true},"in2DMode":false,"pivot":{"x":-69.21691131591797,"y":10.871682167053223,"z":-26.71723175048828},"rotation":{"x":-0.41749823093414309,"y":0.02445765770971775,"z":-0.0036483160220086576,"w":-0.9087712168693543},"size":6.344028472900391,"orthographic":false}