{"cameraMode":{"drawMode":0,"name":"Shaded","section":"Shading Mode"},"sceneLighting":true,"audioPlay":false,"sceneViewState":{"m_AlwaysRefresh":false,"showFog":true,"showSkybox":true,"showFlares":true,"showImageEffects":true,"showParticleSystems":true,"showVisualEffectGraphs":true,"m_FxEnabled":true},"in2DMode":false,"pivot":{"x":8.774274826049805,"y":4.007511138916016,"z":0.16872954368591309},"rotation":{"x":0.27601948380470278,"y":-0.6529464721679688,"z":0.2777745723724365,"w":0.6485150456428528},"size":16.227375030517579,"orthographic":false}