{"cameraMode":{"drawMode":0,"name":"Shaded","section":"Shading Mode"},"sceneLighting":true,"audioPlay":false,"sceneViewState":{"m_AlwaysRefresh":false,"showFog":true,"showSkybox":true,"showFlares":true,"showImageEffects":true,"showParticleSystems":true,"showVisualEffectGraphs":true,"m_FxEnabled":true},"in2DMode":false,"pivot":{"x":-1.444502830505371,"y":1.0238291025161744,"z":3.7638044357299806},"rotation":{"x":-0.001313761342316866,"y":0.9369145631790161,"z":-0.3497803509235382,"w":-0.003318987786769867},"size":10.678706169128418,"orthographic":false}