{"cameraMode":{"drawMode":0,"name":"Shaded","section":"Shading Mode"},"sceneLighting":true,"audioPlay":false,"sceneViewState":{"m_AlwaysRefresh":false,"showFog":true,"showSkybox":true,"showFlares":true,"showImageEffects":true,"showParticleSystems":true,"showVisualEffectGraphs":true,"m_FxEnabled":true},"in2DMode":false,"pivot":{"x":-61.83379364013672,"y":0.37128305435180666,"z":-24.06267547607422},"rotation":{"x":-0.020440559834241868,"y":0.9213154911994934,"z":-0.38814571499824526,"w":-0.029764831066131593},"size":25.10492515563965,"orthographic":false}