{"cameraMode":{"drawMode":0,"name":"Shaded","section":"Shading Mode"},"sceneLighting":true,"audioPlay":false,"sceneViewState":{"m_AlwaysRefresh":false,"showFog":true,"showSkybox":true,"showFlares":true,"showImageEffects":true,"showParticleSystems":true,"showVisualEffectGraphs":true,"m_FxEnabled":true},"in2DMode":false,"pivot":{"x":-0.0299999862909317,"y":0.8899999856948853,"z":3.869999885559082},"rotation":{"x":-0.001313761342316866,"y":0.9369145631790161,"z":-0.3497803509235382,"w":-0.003318987786769867},"size":7.250518321990967,"orthographic":false}