{"cameraMode":{"drawMode":0,"name":"Shaded","section":"Shading Mode"},"sceneLighting":true,"audioPlay":false,"sceneViewState":{"m_AlwaysRefresh":false,"showFog":true,"showSkybox":true,"showFlares":true,"showImageEffects":true,"showParticleSystems":true,"showVisualEffectGraphs":true,"m_FxEnabled":true},"in2DMode":false,"pivot":{"x":-15.655868530273438,"y":-0.7478976249694824,"z":1.4383893013000489},"rotation":{"x":0.0006180088967084885,"y":0.9209683537483215,"z":-0.39025476574897768,"w":0.0009127837838605046},"size":13.121031761169434,"orthographic":false}