{"cameraMode":{"drawMode":0,"name":"Shaded","section":"Shading Mode"},"sceneLighting":false,"audioPlay":false,"sceneViewState":{"m_AlwaysRefresh":false,"showFog":true,"showSkybox":false,"showFlares":true,"showImageEffects":true,"showParticleSystems":true,"showVisualEffectGraphs":true,"m_FxEnabled":true},"in2DMode":false,"pivot":{"x":-0.0003845393657684326,"y":0.09759847819805145,"z":0.0004524737596511841},"rotation":{"x":-0.25444623827934267,"y":0.1955367475748062,"z":-0.05275464430451393,"w":-0.9459104537963867},"size":0.16160841286182404,"orthographic":false}