{"cameraMode":{"drawMode":0,"name":"Shaded","section":"Shading Mode"},"sceneLighting":false,"audioPlay":false,"sceneViewState":{"m_AlwaysRefresh":false,"showFog":true,"showSkybox":false,"showFlares":true,"showImageEffects":true,"showParticleSystems":true,"showVisualEffectGraphs":true,"m_FxEnabled":true},"in2DMode":false,"pivot":{"x":0.03000020980834961,"y":1.3299999237060547,"z":0.5300002098083496},"rotation":{"x":0.3786224126815796,"y":0.5843050479888916,"z":-0.35232508182525637,"w":0.6260697245597839},"size":6.326462268829346,"orthographic":false}