{"cameraMode":{"drawMode":0,"name":"Shaded","section":"Shading Mode"},"sceneLighting":false,"audioPlay":false,"sceneViewState":{"m_AlwaysRefresh":false,"showFog":true,"showSkybox":false,"showFlares":true,"showImageEffects":true,"showParticleSystems":true,"showVisualEffectGraphs":true,"m_FxEnabled":true},"in2DMode":false,"pivot":{"x":0.09586425125598908,"y":1.057854413986206,"z":3.879159927368164},"rotation":{"x":-0.02138061262667179,"y":-0.9588727951049805,"z":0.07525666803121567,"w":-0.27316150069236758},"size":1.9086140394210816,"orthographic":false}