{"cameraMode":{"drawMode":0,"name":"Shaded","section":"Shading Mode"},"sceneLighting":false,"audioPlay":false,"sceneViewState":{"m_AlwaysRefresh":false,"showFog":true,"showSkybox":false,"showFlares":true,"showImageEffects":true,"showParticleSystems":true,"showVisualEffectGraphs":true,"m_FxEnabled":true},"in2DMode":false,"pivot":{"x":0.000014781951904296875,"y":1.1880675554275513,"z":-0.0000016689300537109376},"rotation":{"x":0.10151349753141403,"y":-0.8891600966453552,"z":0.2118959128856659,"w":0.3936772048473358},"size":1.9018902778625489,"orthographic":false}